
INSERT INTO lespetitspoissontrouges.batiment (id, nom) VALUES(1, 'A');
INSERT INTO lespetitspoissontrouges.batiment (id, nom) VALUES(2, 'B');
INSERT INTO lespetitspoissontrouges.batiment (id, nom) VALUES(3, 'C');
INSERT INTO lespetitspoissontrouges.batiment (id, nom) VALUES(4, 'D');
INSERT INTO lespetitspoissontrouges.batiment (id, nom) VALUES(5, 'accueil');


INSERT INTO accounts (id, username, "password", roles, email, nom, prenom) VALUES(2, 'LPPSR', '$argon2id$v=19$m=65536,t=4,p=1$xSkO0p50/QBIHGcDYcHQ3w$SoD4dSgzbFF9zThJQV4D7ilqqGClV4TVjc6UySe5YE8', '["ROLE_ADMIN","ROLE_USER"]'::json::json, 'lppsr@mail.com', 'Sont Rouge', 'Les Petit Pois');
INSERT INTO accounts (id, username, "password", roles, email, nom, prenom) VALUES(1, 'Gohan', '$argon2id$v=19$m=65536,t=4,p=1$nCkxcv0Q2VCFMtoDA4Pd9A$D+GmcazZ7nyY0TmhIBvd1SzwyCwR5d6dbAQMVfzGD5M', '["ROLE_USER","ROLE_ADMIN"]
'::json::json, 'me@gmail.com', 'Melee', 'Gohan');
INSERT INTO accounts (id, username, "password", roles, email, nom, prenom) VALUES(3, 'USER', '$argon2id$v=19$m=65536,t=4,p=1$R6/Iq388WDWd0FJuJaOSng$ZQwkA65tSkuPd0XF/gW9CK7srORCWA+jeajeZef0MdY', '["ROLE_USER"]
'::json::json, 'user@mail.fr', 'Adherant/e', 'Un/e');


INSERT INTO bureau (id, occupant) VALUES(24, NULL);
INSERT INTO bureau (id, occupant) VALUES(25, NULL);
INSERT INTO bureau (id, occupant) VALUES(26, NULL);
INSERT INTO bureau (id, occupant) VALUES(27, NULL);
INSERT INTO bureau (id, occupant) VALUES(29, NULL);
INSERT INTO bureau (id, occupant) VALUES(30, NULL);
INSERT INTO bureau (id, occupant) VALUES(31, NULL);
INSERT INTO bureau (id, occupant) VALUES(33, NULL);
INSERT INTO bureau (id, occupant) VALUES(34, NULL);
INSERT INTO bureau (id, occupant) VALUES(35, NULL);
INSERT INTO bureau (id, occupant) VALUES(36, NULL);
INSERT INTO bureau (id, occupant) VALUES(38, NULL);
INSERT INTO bureau (id, occupant) VALUES(39, NULL);
INSERT INTO bureau (id, occupant) VALUES(40, NULL);
INSERT INTO bureau (id, occupant) VALUES(42, NULL);
INSERT INTO bureau (id, occupant) VALUES(43, NULL);
INSERT INTO bureau (id, occupant) VALUES(44, NULL);
INSERT INTO bureau (id, occupant) VALUES(45, NULL);
INSERT INTO bureau (id, occupant) VALUES(46, NULL);
INSERT INTO bureau (id, occupant) VALUES(47, NULL);
INSERT INTO bureau (id, occupant) VALUES(48, NULL);
INSERT INTO bureau (id, occupant) VALUES(49, NULL);
INSERT INTO bureau (id, occupant) VALUES(50, NULL);
INSERT INTO bureau (id, occupant) VALUES(51, NULL);
INSERT INTO bureau (id, occupant) VALUES(53, NULL);
INSERT INTO bureau (id, occupant) VALUES(54, NULL);
INSERT INTO bureau (id, occupant) VALUES(55, NULL);
INSERT INTO bureau (id, occupant) VALUES(56, NULL);
INSERT INTO bureau (id, occupant) VALUES(57, NULL);
INSERT INTO bureau (id, occupant) VALUES(58, NULL);
INSERT INTO bureau (id, occupant) VALUES(59, NULL);
INSERT INTO bureau (id, occupant) VALUES(60, NULL);
INSERT INTO bureau (id, occupant) VALUES(61, NULL);
INSERT INTO bureau (id, occupant) VALUES(62, NULL);
INSERT INTO bureau (id, occupant) VALUES(70, NULL);
INSERT INTO bureau (id, occupant) VALUES(71, NULL);
INSERT INTO bureau (id, occupant) VALUES(72, NULL);
INSERT INTO bureau (id, occupant) VALUES(73, NULL);
INSERT INTO bureau (id, occupant) VALUES(75, NULL);
INSERT INTO bureau (id, occupant) VALUES(76, NULL);
INSERT INTO bureau (id, occupant) VALUES(77, NULL);
INSERT INTO bureau (id, occupant) VALUES(78, NULL);
INSERT INTO bureau (id, occupant) VALUES(79, NULL);
INSERT INTO bureau (id, occupant) VALUES(80, NULL);
INSERT INTO bureau (id, occupant) VALUES(81, NULL);
INSERT INTO bureau (id, occupant) VALUES(82, NULL);
INSERT INTO bureau (id, occupant) VALUES(83, NULL);
INSERT INTO bureau (id, occupant) VALUES(84, NULL);
INSERT INTO bureau (id, occupant) VALUES(86, NULL);
INSERT INTO bureau (id, occupant) VALUES(87, NULL);
INSERT INTO bureau (id, occupant) VALUES(88, NULL);
INSERT INTO bureau (id, occupant) VALUES(89, NULL);
INSERT INTO bureau (id, occupant) VALUES(90, NULL);
INSERT INTO bureau (id, occupant) VALUES(91, NULL);
INSERT INTO bureau (id, occupant) VALUES(92, NULL);
INSERT INTO bureau (id, occupant) VALUES(93, NULL);
INSERT INTO bureau (id, occupant) VALUES(94, NULL);
INSERT INTO bureau (id, occupant) VALUES(95, NULL);
INSERT INTO bureau (id, occupant) VALUES(97, NULL);
INSERT INTO bureau (id, occupant) VALUES(98, NULL);
INSERT INTO bureau (id, occupant) VALUES(99, NULL);
INSERT INTO bureau (id, occupant) VALUES(100, NULL);
INSERT INTO bureau (id, occupant) VALUES(101, NULL);
INSERT INTO bureau (id, occupant) VALUES(102, NULL);
INSERT INTO bureau (id, occupant) VALUES(103, NULL);
INSERT INTO bureau (id, occupant) VALUES(104, NULL);
INSERT INTO bureau (id, occupant) VALUES(105, NULL);
INSERT INTO bureau (id, occupant) VALUES(106, NULL);
INSERT INTO bureau (id, occupant) VALUES(18, 1);
INSERT INTO bureau (id, occupant) VALUES(19, 1);
INSERT INTO bureau (id, occupant) VALUES(20, 2);
INSERT INTO bureau (id, occupant) VALUES(21, 2);
INSERT INTO bureau (id, occupant) VALUES(22, 3);
INSERT INTO bureau (id, occupant) VALUES(23, 3);


INSERT INTO categorie (id, libelle, tarif) VALUES(1, 'Amphithéâtre', 140);
INSERT INTO categorie (id, libelle, tarif) VALUES(2, 'Multimédia', 60);
INSERT INTO categorie (id, libelle, tarif) VALUES(3, 'Réunion', 40);
INSERT INTO categorie (id, libelle, tarif) VALUES(4, 'Restauration', 50);
INSERT INTO categorie (id, libelle, tarif) VALUES(5, 'Reprographie', 60);
INSERT INTO categorie (id, libelle, tarif) VALUES(6, 'Polyvalente', 30);


INSERT INTO club (id, idcomite, site, lieuprat) VALUES(7, 4, NULL, NULL);
INSERT INTO club (id, idcomite, site, lieuprat) VALUES(8, 5, NULL, NULL);


INSERT INTO comite (id, idligue, departement) VALUES(3, 1, 'Meurthe-et-Moselle');
INSERT INTO comite (id, idligue, departement) VALUES(4, 1, 'Bas-Rhin');
INSERT INTO comite (id, idligue, departement) VALUES(5, 2, 'Moselle');
INSERT INTO comite (id, idligue, departement) VALUES(6, 2, 'Meurthe-et-Moselle');

INSERT INTO composer (idroles, idorg, idmembre) VALUES(1, 7, 8);
INSERT INTO composer (idroles, idorg, idmembre) VALUES(1, 1, 3);
INSERT INTO composer (idroles, idorg, idmembre) VALUES(1, 4, 6);
INSERT INTO composer (idroles, idorg, idmembre) VALUES(2, 1, 10);
INSERT INTO composer (idroles, idorg, idmembre) VALUES(2, 4, 7);
INSERT INTO composer (idroles, idorg, idmembre) VALUES(2, 7, 16);

INSERT INTO discipline (id, libelle, olympique) VALUES(1, 'Judo', 'oui');
INSERT INTO discipline (id, libelle, olympique) VALUES(2, 'Handball', 'non');
INSERT INTO discipline (id, libelle, olympique) VALUES(3, 'Roller Sports', 'non');
INSERT INTO discipline (id, libelle, olympique) VALUES(4, 'Football', 'oui');
INSERT INTO discipline (id, libelle, olympique) VALUES(5, 'Aïkido', 'oui');


INSERT INTO etage (id, numero, batiment) VALUES(1, 0, 1);
INSERT INTO etage (id, numero, batiment) VALUES(2, 1, 1);
INSERT INTO etage (id, numero, batiment) VALUES(3, 2, 1);
INSERT INTO etage (id, numero, batiment) VALUES(4, 3, 1);
INSERT INTO etage (id, numero, batiment) VALUES(5, 4, 1);
INSERT INTO etage (id, numero, batiment) VALUES(6, 0, 2);
INSERT INTO etage (id, numero, batiment) VALUES(7, 0, 3);
INSERT INTO etage (id, numero, batiment) VALUES(8, 1, 3);
INSERT INTO etage (id, numero, batiment) VALUES(9, 2, 3);
INSERT INTO etage (id, numero, batiment) VALUES(10, 3, 3);
INSERT INTO etage (id, numero, batiment) VALUES(11, 4, 3);
INSERT INTO etage (id, numero, batiment) VALUES(12, 0, 4);
INSERT INTO etage (id, numero, batiment) VALUES(13, 0, 5);

INSERT INTO ligue (id) VALUES(1);
INSERT INTO ligue (id) VALUES(2);

INSERT INTO membres (id, idaccount, nom, mail) VALUES(1, NULL, 'Jean-Louis DUVERGEY', '');
INSERT INTO membres (id, idaccount, nom, mail) VALUES(2, NULL, 'Franz RALITE', '');
INSERT INTO membres (id, idaccount, nom, mail) VALUES(3, NULL, 'Dominique PARAMANOFF', '');
INSERT INTO membres (id, idaccount, nom, mail) VALUES(4, NULL, 'Joëlle LECHLEITER', '');
INSERT INTO membres (id, idaccount, nom, mail) VALUES(5, NULL, 'Jean-Max TYBURN', 'jean-max.tyburn@judo67.fr');
INSERT INTO membres (id, idaccount, nom, mail) VALUES(6, NULL, 'Audrey BERI', 'audrey.beri@judo67.fr');
INSERT INTO membres (id, idaccount, nom, mail) VALUES(7, NULL, 'Lionel BRECKLE', 'lionel.breckle@judo67.fr');
INSERT INTO membres (id, idaccount, nom, mail) VALUES(8, NULL, 'Christine BELLEVILLE', '');
INSERT INTO membres (id, idaccount, nom, mail) VALUES(9, NULL, 'Christian LOSTETTER', '');
INSERT INTO membres (id, idaccount, nom, mail) VALUES(10, NULL, 'Jean-Pierre PELLUCHON', '');
INSERT INTO membres (id, idaccount, nom, mail) VALUES(11, NULL, 'Patrick CLEMENT', 'pat.clem@orange.fr');
INSERT INTO membres (id, idaccount, nom, mail) VALUES(12, NULL, 'Marc ROCH VILATO', '5657000.sec-gen@ffhandball.net');
INSERT INTO membres (id, idaccount, nom, mail) VALUES(13, NULL, 'Corinne ROCHEL', '');
INSERT INTO membres (id, idaccount, nom, mail) VALUES(14, NULL, 'Marie DELEFORTRIE', '');
INSERT INTO membres (id, idaccount, nom, mail) VALUES(15, NULL, 'Nathalie GROSVALET', '');
INSERT INTO membres (id, idaccount, nom, mail) VALUES(16, NULL, 'Didier FEIEREISEN', '');
INSERT INTO membres (id, idaccount, nom, mail) VALUES(17, NULL, 'Thierry KLIPFEL', '5600000.president@ffhandball.net');
INSERT INTO membres (id, idaccount, nom, mail) VALUES(18, NULL, 'Jean-Marie NOËL', '5600000.jmnoel@ffhandball.net');
INSERT INTO membres (id, idaccount, nom, mail) VALUES(19, NULL, 'Delphine GUERELLE', '5600000.finances@ffhandball.net');
INSERT INTO membres (id, idaccount, nom, mail) VALUES(20, NULL, 'Claude BOMPARD', '5600000.sec-gen@ffhandball.net');


INSERT INTO organisation (id, nom, adresse, nomfichier, iddiscipline, mail, tel, "type") VALUES(2, 'Ligue Grand Est de Handball', 'Maison Régionale des Sports 13 rue Jean Moulin CS 70001 54510 Tomblaine', 'logo-lgehandball.png', 2, '5600000@ffhandball.net', '03.83.18.87.10', 'ligue');
INSERT INTO organisation (id, nom, adresse, nomfichier, iddiscipline, mail, tel, "type") VALUES(3, 'Comité Départemental de Meurthe-et-Moselle de Judo', '3 Rue Jean Moulin, 54510 Tomblaine', 'logo-cd-meurthe-et-moselle.png', 1, '', '03 83 18 88 29', 'organisation');
INSERT INTO organisation (id, nom, adresse, nomfichier, iddiscipline, mail, tel, "type") VALUES(4, 'Comité Départemental du Bas-Rhin de Judo', '4 Rue Jean Mentelin, 67000 Strasbourg', 'logo-comite-judo.png', 1, 'mail@judo67.fr', '03 88 26 94 09', 'organisation');
INSERT INTO organisation (id, nom, adresse, nomfichier, iddiscipline, mail, tel, "type") VALUES(5, 'Comité Départemental de Moselle de Handball', '48 Avenue de Thionville, 57050 Metz', 'logo-comite-moselle.png', 2, 'contact@handball-moselle.com', '03 87 32 98 16', 'organisation');
INSERT INTO organisation (id, nom, adresse, nomfichier, iddiscipline, mail, tel, "type") VALUES(6, 'Comité Départemental de Meurthe-et-Moselle de Handball', '13 Rue Jean Moulin, 54510 Tomblaine', 'logo-comite-handball.png', 2, '5654000@ffhandball.net', '03 83 18 88 10', 'organisation');
INSERT INTO organisation (id, nom, adresse, nomfichier, iddiscipline, mail, tel, "type") VALUES(7, 'Club de Judo', '3 Rue Jean Moulin, 54510 Tomblaine', '', 1, '', '03 88 18 88 49', 'organisation');
INSERT INTO organisation (id, nom, adresse, nomfichier, iddiscipline, mail, tel, "type") VALUES(8, 'Club de Handball', '4 Rue Jean Mentelin, 67000 Strasbourg', '', 2, '', '03 88 26 99 79', 'organisation');
INSERT INTO organisation (id, nom, adresse, nomfichier, iddiscipline, mail, tel, "type") VALUES(1, 'Ligue Grand Est de Judo et Disciplines Associées', 'Maison Régionale des Sports 13 rue Jean Moulin CS 70001 54510 Tomblaine', 'logo-judo.png', 1, 'zgvjlz@gmail.fr', '03 83 18 87 64', 'ligue');

INSERT INTO roles (id, libelle) VALUES(1, 'secretaire');
INSERT INTO roles (id, libelle) VALUES(2, 'adherent');

INSERT INTO salle (id, nom, situation, "type") VALUES(74, 'Réunion C1', 8, 'salleresa');
INSERT INTO salle (id, nom, situation, "type") VALUES(85, 'Réunion C2', 9, 'salleresa');
INSERT INTO salle (id, nom, situation, "type") VALUES(96, 'Réunion C3', 10, 'salleresa');
INSERT INTO salle (id, nom, situation, "type") VALUES(107, 'Réunion C4', 11, 'salleresa');
INSERT INTO salle (id, nom, situation, "type") VALUES(15, 'Administration 1', 7, 'salle');
INSERT INTO salle (id, nom, situation, "type") VALUES(16, 'Administration 2', 7, 'salle');
INSERT INTO salle (id, nom, situation, "type") VALUES(17, 'Administration 3', 7, 'salle');
INSERT INTO salle (id, nom, situation, "type") VALUES(21, 'A104', 2, 'bureau');
INSERT INTO salle (id, nom, situation, "type") VALUES(22, 'A105', 2, 'bureau');
INSERT INTO salle (id, nom, situation, "type") VALUES(23, 'A106', 2, 'bureau');
INSERT INTO salle (id, nom, situation, "type") VALUES(24, 'A107', 2, 'bureau');
INSERT INTO salle (id, nom, situation, "type") VALUES(25, 'A108', 2, 'bureau');
INSERT INTO salle (id, nom, situation, "type") VALUES(26, 'A109', 2, 'bureau');
INSERT INTO salle (id, nom, situation, "type") VALUES(27, 'A110', 2, 'bureau');
INSERT INTO salle (id, nom, situation, "type") VALUES(29, 'A201', 3, 'bureau');
INSERT INTO salle (id, nom, situation, "type") VALUES(30, 'A202', 3, 'bureau');
INSERT INTO salle (id, nom, situation, "type") VALUES(31, 'A203', 3, 'bureau');
INSERT INTO salle (id, nom, situation, "type") VALUES(33, 'A204', 3, 'bureau');
INSERT INTO salle (id, nom, situation, "type") VALUES(34, 'A205', 3, 'bureau');
INSERT INTO salle (id, nom, situation, "type") VALUES(35, 'A206', 3, 'bureau');
INSERT INTO salle (id, nom, situation, "type") VALUES(36, 'A207', 3, 'bureau');
INSERT INTO salle (id, nom, situation, "type") VALUES(38, 'A208', 3, 'bureau');
INSERT INTO salle (id, nom, situation, "type") VALUES(39, 'A209', 3, 'bureau');
INSERT INTO salle (id, nom, situation, "type") VALUES(40, 'A210', 3, 'bureau');
INSERT INTO salle (id, nom, situation, "type") VALUES(42, 'A301', 4, 'bureau');
INSERT INTO salle (id, nom, situation, "type") VALUES(43, 'A302', 4, 'bureau');
INSERT INTO salle (id, nom, situation, "type") VALUES(44, 'A303', 4, 'bureau');
INSERT INTO salle (id, nom, situation, "type") VALUES(45, 'A304', 4, 'bureau');
INSERT INTO salle (id, nom, situation, "type") VALUES(46, 'A305', 4, 'bureau');
INSERT INTO salle (id, nom, situation, "type") VALUES(47, 'A306', 4, 'bureau');
INSERT INTO salle (id, nom, situation, "type") VALUES(48, 'A307', 4, 'bureau');
INSERT INTO salle (id, nom, situation, "type") VALUES(49, 'A308', 4, 'bureau');
INSERT INTO salle (id, nom, situation, "type") VALUES(50, 'A309', 4, 'bureau');
INSERT INTO salle (id, nom, situation, "type") VALUES(51, 'A310', 4, 'bureau');
INSERT INTO salle (id, nom, situation, "type") VALUES(53, 'A401', 5, 'bureau');
INSERT INTO salle (id, nom, situation, "type") VALUES(54, 'A402', 5, 'bureau');
INSERT INTO salle (id, nom, situation, "type") VALUES(55, 'A403', 5, 'bureau');
INSERT INTO salle (id, nom, situation, "type") VALUES(56, 'A404', 5, 'bureau');
INSERT INTO salle (id, nom, situation, "type") VALUES(57, 'A405', 5, 'bureau');
INSERT INTO salle (id, nom, situation, "type") VALUES(58, 'A406', 5, 'bureau');
INSERT INTO salle (id, nom, situation, "type") VALUES(59, 'A407', 5, 'bureau');
INSERT INTO salle (id, nom, situation, "type") VALUES(60, 'A408', 5, 'bureau');
INSERT INTO salle (id, nom, situation, "type") VALUES(61, 'A409', 5, 'bureau');
INSERT INTO salle (id, nom, situation, "type") VALUES(62, 'A410', 5, 'bureau');
INSERT INTO salle (id, nom, situation, "type") VALUES(64, 'Administration 4', 8, 'salle');
INSERT INTO salle (id, nom, situation, "type") VALUES(65, 'Administration 5', 8, 'salle');
INSERT INTO salle (id, nom, situation, "type") VALUES(66, 'Administration 6', 8, 'salle');
INSERT INTO salle (id, nom, situation, "type") VALUES(67, 'Administration 7', 8, 'salle');
INSERT INTO salle (id, nom, situation, "type") VALUES(68, 'Administration 8', 8, 'salle');
INSERT INTO salle (id, nom, situation, "type") VALUES(69, 'Administration 9', 8, 'salle');
INSERT INTO salle (id, nom, situation, "type") VALUES(70, 'C101', 8, 'bureau');
INSERT INTO salle (id, nom, situation, "type") VALUES(71, 'C102', 8, 'bureau');
INSERT INTO salle (id, nom, situation, "type") VALUES(72, 'C103', 8, 'bureau');
INSERT INTO salle (id, nom, situation, "type") VALUES(73, 'C104', 8, 'bureau');
INSERT INTO salle (id, nom, situation, "type") VALUES(75, 'C201', 9, 'bureau');
INSERT INTO salle (id, nom, situation, "type") VALUES(76, 'C202', 9, 'bureau');
INSERT INTO salle (id, nom, situation, "type") VALUES(77, 'C203', 9, 'bureau');
INSERT INTO salle (id, nom, situation, "type") VALUES(78, 'C204', 9, 'bureau');
INSERT INTO salle (id, nom, situation, "type") VALUES(79, 'C205', 9, 'bureau');
INSERT INTO salle (id, nom, situation, "type") VALUES(80, 'C206', 9, 'bureau');
INSERT INTO salle (id, nom, situation, "type") VALUES(81, 'C207', 9, 'bureau');
INSERT INTO salle (id, nom, situation, "type") VALUES(82, 'C208', 9, 'bureau');
INSERT INTO salle (id, nom, situation, "type") VALUES(83, 'C209', 9, 'bureau');
INSERT INTO salle (id, nom, situation, "type") VALUES(84, 'C210', 9, 'bureau');
INSERT INTO salle (id, nom, situation, "type") VALUES(86, 'C301', 10, 'bureau');
INSERT INTO salle (id, nom, situation, "type") VALUES(87, 'C302', 10, 'bureau');
INSERT INTO salle (id, nom, situation, "type") VALUES(88, 'C303', 10, 'bureau');
INSERT INTO salle (id, nom, situation, "type") VALUES(89, 'C304', 10, 'bureau');
INSERT INTO salle (id, nom, situation, "type") VALUES(90, 'C305', 10, 'bureau');
INSERT INTO salle (id, nom, situation, "type") VALUES(91, 'C306', 10, 'bureau');
INSERT INTO salle (id, nom, situation, "type") VALUES(92, 'C307', 10, 'bureau');
INSERT INTO salle (id, nom, situation, "type") VALUES(93, 'C308', 10, 'bureau');
INSERT INTO salle (id, nom, situation, "type") VALUES(94, 'C309', 10, 'bureau');
INSERT INTO salle (id, nom, situation, "type") VALUES(95, 'C310', 10, 'bureau');
INSERT INTO salle (id, nom, situation, "type") VALUES(97, 'C401', 11, 'bureau');
INSERT INTO salle (id, nom, situation, "type") VALUES(98, 'C402', 11, 'bureau');
INSERT INTO salle (id, nom, situation, "type") VALUES(99, 'C403', 11, 'bureau');
INSERT INTO salle (id, nom, situation, "type") VALUES(100, 'C404', 11, 'bureau');
INSERT INTO salle (id, nom, situation, "type") VALUES(101, 'C405', 11, 'bureau');
INSERT INTO salle (id, nom, situation, "type") VALUES(102, 'C406', 11, 'bureau');
INSERT INTO salle (id, nom, situation, "type") VALUES(103, 'C407', 11, 'bureau');
INSERT INTO salle (id, nom, situation, "type") VALUES(104, 'C408', 11, 'bureau');
INSERT INTO salle (id, nom, situation, "type") VALUES(105, 'C409', 11, 'bureau');
INSERT INTO salle (id, nom, situation, "type") VALUES(106, 'C410', 11, 'bureau');
INSERT INTO salle (id, nom, situation, "type") VALUES(18, 'A101', 2, 'bureau');
INSERT INTO salle (id, nom, situation, "type") VALUES(19, 'A102', 2, 'bureau');
INSERT INTO salle (id, nom, situation, "type") VALUES(20, 'A103', 2, 'bureau');
INSERT INTO salle (id, nom, situation, "type") VALUES(1, 'Baccarat', 1, 'salleresa');
INSERT INTO salle (id, nom, situation, "type") VALUES(2, 'Daum', 1, 'salleresa');
INSERT INTO salle (id, nom, situation, "type") VALUES(3, 'Gallé', 1, 'salleresa');
INSERT INTO salle (id, nom, situation, "type") VALUES(4, 'Corbin', 1, 'salleresa');
INSERT INTO salle (id, nom, situation, "type") VALUES(5, 'Longwy', 6, 'salleresa');
INSERT INTO salle (id, nom, situation, "type") VALUES(6, 'Multimédia', 6, 'salleresa');
INSERT INTO salle (id, nom, situation, "type") VALUES(7, 'Lamour', 6, 'salleresa');
INSERT INTO salle (id, nom, situation, "type") VALUES(8, 'Amphithéâtre', 6, 'salleresa');
INSERT INTO salle (id, nom, situation, "type") VALUES(9, 'Service', 6, 'salleresa');
INSERT INTO salle (id, nom, situation, "type") VALUES(10, 'Majorelle', 12, 'salleresa');
INSERT INTO salle (id, nom, situation, "type") VALUES(11, 'Cuisine', 12, 'salleresa');
INSERT INTO salle (id, nom, situation, "type") VALUES(12, 'Restauration', 12, 'salleresa');
INSERT INTO salle (id, nom, situation, "type") VALUES(13, 'Reprographie', 12, 'salleresa');
INSERT INTO salle (id, nom, situation, "type") VALUES(14, 'Grüber', 7, 'salleresa');
INSERT INTO salle (id, nom, situation, "type") VALUES(28, 'Réunion A1', 2, 'salleresa');
INSERT INTO salle (id, nom, situation, "type") VALUES(41, 'Réunion A2', 3, 'salleresa');
INSERT INTO salle (id, nom, situation, "type") VALUES(52, 'Réunion A3', 4, 'salleresa');
INSERT INTO salle (id, nom, situation, "type") VALUES(63, 'Réunion A4', 5, 'salleresa');


INSERT INTO salleresa (id, idoccupant, categorie, reservation) VALUES(63, NULL, 3, 'est (disponible)');
INSERT INTO salleresa (id, idoccupant, categorie, reservation) VALUES(85, NULL, 3, 'est (disponible)');
INSERT INTO salleresa (id, idoccupant, categorie, reservation) VALUES(96, NULL, 3, 'est (disponible)');
INSERT INTO salleresa (id, idoccupant, categorie, reservation) VALUES(107, NULL, 3, 'est (disponible)');
INSERT INTO salleresa (id, idoccupant, categorie, reservation) VALUES(2, NULL, 6, 'est (disponible)');
INSERT INTO salleresa (id, idoccupant, categorie, reservation) VALUES(4, NULL, 6, 'est (disponible)');
INSERT INTO salleresa (id, idoccupant, categorie, reservation) VALUES(5, NULL, 1, 'est (disponible)');
INSERT INTO salleresa (id, idoccupant, categorie, reservation) VALUES(6, NULL, 2, 'est (disponible)');
INSERT INTO salleresa (id, idoccupant, categorie, reservation) VALUES(7, NULL, 2, 'est (disponible)');
INSERT INTO salleresa (id, idoccupant, categorie, reservation) VALUES(8, NULL, 1, 'est (disponible)');
INSERT INTO salleresa (id, idoccupant, categorie, reservation) VALUES(9, NULL, 4, 'est (disponible)');
INSERT INTO salleresa (id, idoccupant, categorie, reservation) VALUES(10, NULL, 2, 'est (disponible)');
INSERT INTO salleresa (id, idoccupant, categorie, reservation) VALUES(11, NULL, 4, 'est (disponible)');
INSERT INTO salleresa (id, idoccupant, categorie, reservation) VALUES(12, NULL, 4, 'est (disponible)');
INSERT INTO salleresa (id, idoccupant, categorie, reservation) VALUES(13, NULL, 5, 'est (disponible)');
INSERT INTO salleresa (id, idoccupant, categorie, reservation) VALUES(14, NULL, 6, 'est (disponible)');
INSERT INTO salleresa (id, idoccupant, categorie, reservation) VALUES(28, NULL, 3, 'est (disponible)');
INSERT INTO salleresa (id, idoccupant, categorie, reservation) VALUES(3, NULL, 6, 'est (disponible)');
INSERT INTO salleresa (id, idoccupant, categorie, reservation) VALUES(41, NULL, 3, 'est (en attend)');
INSERT INTO salleresa (id, idoccupant, categorie, reservation) VALUES(52, 1, 3, 'est (disponible)');
INSERT INTO salleresa (id, idoccupant, categorie, reservation) VALUES(74, NULL, 3, 'est (disponible)');
INSERT INTO salleresa (id, idoccupant, categorie, reservation) VALUES(1, NULL, 2, 'est (disponible)');
